<?xml version="1.0" encoding="us-ascii"?>
<AudioModification.xml>
    <AudioModification>
        <Name>PVZ</Name>
        <ExternalEvent>
            <Name>Play_Damage_Death</Name>
            <Container>
                <Name>Voice</Name>
                <ExternalId>VDamage_Death</ExternalId>
                <Path>
                    <StateList>
                        <State>
                            <Name>isPlayer</Name>
                            <Value>True</Value>
                        </State>
                    </StateList>
                    <FilesList>
                        <File>
                            <Name>Scream.wem</Name>
                        </File>
                    </FilesList>
                </Path>
            </Container>
        </ExternalEvent>
        <ExternalEvent>
            <Name>Play_Start_Battle</Name>
            <Container>
                <Name>Voice</Name>
                <ExternalId>VStart_Battle</ExternalId>
                <Path>
                    <StateList />
                    <FilesList>
                        <File>
                            <Name>readysetplant.wem</Name>
                        </File>
                        <File>
                            <Name>siren.wem</Name>
                        </File>
                        <File>
                            <Name>awooga.wem</Name>
                        </File>
                    </FilesList>
                </Path>
            </Container>
        </ExternalEvent>
        <ExternalEvent>
            <Name>Play_VO_Ship_Alarms_Torpedo_Danger</Name>
            <Container>
                <Name>Voice</Name>
                <ExternalId>VVO_Ship_Alarms_Torpedo_Danger</ExternalId>
                <Path>
                    <StateList>
                        <State>
                            <Name>VO_Torpedo_Location</Name>
                            <Value>Torpedo_Ahead</Value>
                        </State>
                    </StateList>
                    <FilesList>
                        <File>
                            <Name>dolphin_appears.wem</Name>
                        </File>
                    </FilesList>
                </Path>
                <Path>
                    <StateList>
                        <State>
                            <Name>VO_Torpedo_Location</Name>
                            <Value>Torpedo_Back</Value>
                        </State>
                    </StateList>
                    <FilesList>
                        <File>
                            <Name>dolphin_appears.wem</Name>
                        </File>
                    </FilesList>
                </Path>
                <Path>
                    <StateList>
                        <State>
                            <Name>VO_Torpedo_Location</Name>
                            <Value>Torpedo_Right</Value>
                        </State>
                    </StateList>
                    <FilesList>
                        <File>
                            <Name>dolphin_appears.wem</Name>
                        </File>
                    </FilesList>
                </Path>
                <Path>
                    <StateList>
                        <State>
                            <Name>VO_Torpedo_Location</Name>
                            <Value>Torpedo_Left</Value>
                        </State>
                    </StateList>
                    <FilesList>
                        <File>
                            <Name>dolphin_appears.wem</Name>
                        </File>
                    </FilesList>
                </Path>
            </Container>
        </ExternalEvent>
        <ExternalEvent>
            <Name>Play_UI_Alarm_Defective_Modules</Name>
            <Container>
                <Name>Voice</Name>
                <ExternalId>VUI_Alarm_Defective_Modules</ExternalId>
                <Path>
                    <StateList>
                        <State>
                            <Name>Module_Type</Name>
                            <Value>Module_Type_Engine</Value>
                        </State>
                        <State>
                            <Name>Module_State</Name>
                            <Value>Module_State_Crit</Value>
                        </State>
                    </StateList>
                    <FilesList>
                        <File>
                            <Name>yuck.wem</Name>
                        </File>
                        <File>
                            <Name>yuck2.wem</Name>
                        </File>
                    </FilesList>
                </Path>
                <Path>
                    <StateList>
                        <State>
                            <Name>Module_Type</Name>
                            <Value>Module_Type_MG</Value>
                        </State>
                        <State>
                            <Name>Module_State</Name>
                            <Value>Module_State_Crit</Value>
                        </State>
                    </StateList>
                    <FilesList>
                        <File>
                            <Name>yuck.wem</Name>
                        </File>
                        <File>
                            <Name>yuck2.wem</Name>
                        </File>
                    </FilesList>
                </Path>
                <Path>
                    <StateList>
                        <State>
                            <Name>Module_Type</Name>
                            <Value>Module_Type_MG</Value>
                        </State>
                        <State>
                            <Name>Module_State</Name>
                            <Value>Module_State_Dead</Value>
                        </State>
                    </StateList>
                    <FilesList>
                        <File>
                            <Name>zombaquarium_die.wem</Name>
                        </File>
                    </FilesList>
                </Path>
                <Path>
                    <StateList>
                        <State>
                            <Name>Module_Type</Name>
                            <Value>Module_Type_Steering_Wheel</Value>
                        </State>
                        <State>
                            <Name>Module_State</Name>
                            <Value>Module_State_Crit</Value>
                        </State>
                    </StateList>
                    <FilesList>
                        <File>
                            <Name>yuck.wem</Name>
                        </File>
                        <File>
                            <Name>yuck2.wem</Name>
                        </File>
                    </FilesList>
                </Path>
                <Path>
                    <StateList>
                        <State>
                            <Name>Module_Type</Name>
                            <Value>Module_Type_TA</Value>
                        </State>
                        <State>
                            <Name>Module_State</Name>
                            <Value>Module_State_Dead</Value>
                        </State>
                    </StateList>
                    <FilesList>
                        <File>
                            <Name>zombaquarium_die.wem</Name>
                        </File>
                    </FilesList>
                </Path>
            </Container>
        </ExternalEvent>
        <ExternalEvent>
            <Name>Play_UI_Alarm_Map_Border</Name>
            <Container>
                <Name>Voice</Name>
                <ExternalId>VUI_Alarm_Map_Border</ExternalId>
                <Path>
                    <StateList />
                    <FilesList>
                        <File>
                            <Name>Silence.wem</Name>
                        </File>
                    </FilesList>
                </Path>
            </Container>
        </ExternalEvent>
        <ExternalEvent>
            <Name>Play_UI_Consumable</Name>
            <Container>
                <Name>Voice</Name>
                <ExternalId>VUI_Consumable</ExternalId>
                <Path>
                    <StateList>
                        <State>
                            <Name>HelpType</Name>
                            <Value>Fighter</Value>
                        </State>
                    </StateList>
                    <FilesList>
                        <File>
                            <Name>coblaunch.wem</Name>
                        </File>
                    </FilesList>
                </Path>
                <Path>
                    <StateList>
                        <State>
                            <Name>HelpType</Name>
                            <Value>AirDefenseDisp</Value>
                        </State>
                    </StateList>
                    <FilesList>
                        <File>
                            <Name>bungee_scream.wem</Name>
                        </File>
                        <File>
                            <Name>bungee_scream2.wem</Name>
                        </File>
                        <File>
                            <Name>bungee_scream3.wem</Name>
                        </File>
                    </FilesList>
                </Path>
                <Path>
                    <StateList>
                        <State>
                            <Name>HelpType</Name>
                            <Value>Smoke</Value>
                        </State>
                    </StateList>
                    <FilesList>
                        <File>
                            <Name>floop.wem</Name>
                        </File>
                    </FilesList>
                </Path>
                <Path>
                    <StateList>
                        <State>
                            <Name>HelpType</Name>
                            <Value>Scout</Value>
                        </State>
                    </StateList>
                    <FilesList>
                        <File>
                            <Name>coblaunch.wem</Name>
                        </File>
                    </FilesList>
                </Path>
                <Path>
                    <StateList>
                        <State>
                            <Name>HelpType</Name>
                            <Value>Engine</Value>
                        </State>
                    </StateList>
                    <FilesList>
                        <File>
                            <Name>zamboni.wem</Name>
                        </File>
                    </FilesList>
                </Path>
                <Path>
                    <StateList>
                        <State>
                            <Name>HelpType</Name>
                            <Value>CallFighters</Value>
                        </State>
                    </StateList>
                    <FilesList>
                        <File>
                            <Name>coblaunch1.wem</Name>
                        </File>
                        <File>
                            <Name>coblaunch2.wem</Name>
                        </File>
                        <File>
                            <Name>coblaunch3.wem</Name>
                        </File>
                        <File>
                            <Name>coblaunch4.wem</Name>
                        </File>
                        <File>
                            <Name>coblaunch5.wem</Name>
                        </File>
                        <File>
                            <Name>coblaunch6.wem</Name>
                        </File>
                    </FilesList>
                </Path>
            </Container>
        </ExternalEvent>
        <ExternalEvent>
            <Name>Play_UI_Consumable_End</Name>
            <Container>
                <Name>Voice</Name>
                <ExternalId>VUI_Consumable_End</ExternalId>
                <Path>
                    <StateList>
                        <State>
                            <Name>HelpType</Name>
                            <Value>Smoke</Value>
                        </State>
                    </StateList>
                    <FilesList>
                        <File>
                            <Name>Silence.wem</Name>
                        </File>
                    </FilesList>
                </Path>
                <Path>
                    <StateList>
                        <State>
                            <Name>HelpType</Name>
                            <Value>CrashCrew</Value>
                        </State>
                    </StateList>
                    <FilesList>
                        <File>
                            <Name>blover.wem</Name>
                        </File>
                    </FilesList>
                </Path>
                <Path>
                    <StateList>
                        <State>
                            <Name>HelpType</Name>
                            <Value>Engine</Value>
                        </State>
                    </StateList>
                    <FilesList>
                        <File>
                            <Name>lawnmower.wem</Name>
                        </File>
                    </FilesList>
                </Path>
                <Path>
                    <StateList>
                        <State>
                            <Name>HelpType</Name>
                            <Value>AirDefenseDisp</Value>
                        </State>
                    </StateList>
                    <FilesList>
                        <File>
                            <Name>lightfill.wem</Name>
                        </File>
                    </FilesList>
                </Path>
                <Path>
                    <StateList>
                        <State>
                            <Name>HelpType</Name>
                            <Value>Scout</Value>
                        </State>
                    </StateList>
                    <FilesList>
                        <File>
                            <Name>balloon_pop.wem</Name>
                        </File>
                    </FilesList>
                </Path>
                <Path>
                    <StateList>
                        <State>
                            <Name>HelpType</Name>
                            <Value>Fighter</Value>
                        </State>
                    </StateList>
                    <FilesList>
                        <File>
                            <Name>balloon_pop.wem</Name>
                        </File>
                    </FilesList>
                </Path>
            </Container>
        </ExternalEvent>
        <ExternalEvent>
            <Name>Play_UI_Consumable_Interrupted</Name>
            <Container>
                <Name>Voice</Name>
                <ExternalId>VUI_Consumable_Interrupted</ExternalId>
                <Path>
                    <StateList>
                        <State>
                            <Name>HelpType</Name>
                            <Value>Scout</Value>
                        </State>
                    </StateList>
                    <FilesList>
                        <File>
                            <Name>balloon_pop.wem</Name>
                        </File>
                    </FilesList>
                </Path>
                <Path>
                    <StateList>
                        <State>
                            <Name>HelpType</Name>
                            <Value>Fighter</Value>
                        </State>
                    </StateList>
                    <FilesList>
                        <File>
                            <Name>balloon_pop.wem</Name>
                        </File>
                    </FilesList>
                </Path>
            </Container>
        </ExternalEvent>
        <ExternalEvent>
            <Name>Play_UI_Result_Stinger</Name>
            <Container>
                <Name>Voice</Name>
                <ExternalId>VUI_Result_Stinger</ExternalId>
                <Path>
                    <StateList>
                        <State>
                            <Name>Battle_Status_Result</Name>
                            <Value>Battle_Status_Result_Win</Value>
                        </State>
                    </StateList>
                    <FilesList>
                        <File>
                            <Name>winmusic.wem</Name>
                        </File>
                    </FilesList>
                </Path>
                <Path>
                    <StateList>
                        <State>
                            <Name>Battle_Status_Result</Name>
                            <Value>Battle_Status_Result_Lose</Value>
                        </State>
                    </StateList>
                    <FilesList>
                        <File>
                            <Name>losemusic.wem</Name>
                        </File>
                    </FilesList>
                </Path>
            </Container>
        </ExternalEvent>
        <ExternalEvent>
            <Name>Play_VO_Timer_5</Name>
            <Container>
                <Name>Voice</Name>
                <ExternalId>VVO_Timer_5</ExternalId>
                <Path>
                    <StateList />
                    <FilesList>
                        <File>
                            <Name>crazydave1.wem</Name>
                        </File>
                        <File>
                            <Name>crazydave2.wem</Name>
                        </File>
                        <File>
                            <Name>crazydave3.wem</Name>
                        </File>
                        <File>
                            <Name>crazydave4.wem</Name>
                        </File>
                        <File>
                            <Name>crazydave5.wem</Name>
                        </File>
                        <File>
                            <Name>crazydave6.wem</Name>
                        </File>
                        <File>
                            <Name>crazydave7.wem</Name>
                        </File>
                        <File>
                            <Name>crazydave8.wem</Name>
                        </File>
                        <File>
                            <Name>crazydave9.wem</Name>
                        </File>
                    </FilesList>
                </Path>
            </Container>
        </ExternalEvent>
		<ExternalEvent>
            <Name>Play_VO_Teamkill_Punishment</Name>
            <Container>
                <Name>Voice</Name>
                <ExternalId>VVO_Teamkill_Punishment</ExternalId>
                <Path>
                    <StateList />
                    <FilesList>
                        <File>
                            <Name>Scream.wem</Name>
                        </File>
                    </FilesList>
                </Path>
            </Container>
        </ExternalEvent>
        <ExternalEvent>
            <Name>Play_VO_Autopilot</Name>
            <Container>
                <Name>Voice</Name>
                <ExternalId>VVO_Autopilot</ExternalId>
                <Path>
                    <StateList>
                        <State>
                            <Name>VO_Autopilot</Name>
                            <Value>VO_Autopilot_On</Value>
                        </State>
                    </StateList>
                    <FilesList>
                        <File>
                            <Name>crazydave1.wem</Name>
                        </File>
                        <File>
                            <Name>crazydave2.wem</Name>
                        </File>
                        <File>
                            <Name>crazydave3.wem</Name>
                        </File>
                        <File>
                            <Name>crazydave4.wem</Name>
                        </File>
                        <File>
                            <Name>crazydave5.wem</Name>
                        </File>
                        <File>
                            <Name>crazydave6.wem</Name>
                        </File>
                        <File>
                            <Name>crazydave7.wem</Name>
                        </File>
                        <File>
                            <Name>crazydave8.wem</Name>
                        </File>
                        <File>
                            <Name>crazydave9.wem</Name>
                        </File>
                    </FilesList>
                </Path>
                <Path>
                    <StateList>
                        <State>
                            <Name>VO_Autopilot</Name>
                            <Value>VO_Autopilot_End</Value>
                        </State>
                    </StateList>
                    <FilesList>
                        <File>
                            <Name>crazydave1.wem</Name>
                        </File>
                        <File>
                            <Name>crazydave2.wem</Name>
                        </File>
                        <File>
                            <Name>crazydave3.wem</Name>
                        </File>
                        <File>
                            <Name>crazydave4.wem</Name>
                        </File>
                        <File>
                            <Name>crazydave5.wem</Name>
                        </File>
                        <File>
                            <Name>crazydave6.wem</Name>
                        </File>
                        <File>
                            <Name>crazydave7.wem</Name>
                        </File>
                        <File>
                            <Name>crazydave8.wem</Name>
                        </File>
                        <File>
                            <Name>crazydave9.wem</Name>
                        </File>
                    </FilesList>
                </Path>
                <Path>
                    <StateList>
                        <State>
                            <Name>VO_Autopilot</Name>
                            <Value>VO_Autopilot_Checkpoint</Value>
                        </State>
                    </StateList>
                    <FilesList>
                        <File>
                            <Name>crazydave1.wem</Name>
                        </File>
                        <File>
                            <Name>crazydave2.wem</Name>
                        </File>
                        <File>
                            <Name>crazydave3.wem</Name>
                        </File>
                        <File>
                            <Name>crazydave4.wem</Name>
                        </File>
                        <File>
                            <Name>crazydave5.wem</Name>
                        </File>
                        <File>
                            <Name>crazydave6.wem</Name>
                        </File>
                        <File>
                            <Name>crazydave7.wem</Name>
                        </File>
                        <File>
                            <Name>crazydave8.wem</Name>
                        </File>
                        <File>
                            <Name>crazydave9.wem</Name>
                        </File>
                    </FilesList>
                </Path>
                <Path>
                    <StateList>
                        <State>
                            <Name>VO_Autopilot</Name>
                            <Value>VO_Autopilot_Off</Value>
                        </State>
                    </StateList>
                    <FilesList>
                        <File>
                            <Name>crazydave1.wem</Name>
                        </File>
                        <File>
                            <Name>crazydave2.wem</Name>
                        </File>
                        <File>
                            <Name>crazydave3.wem</Name>
                        </File>
                        <File>
                            <Name>crazydave4.wem</Name>
                        </File>
                        <File>
                            <Name>crazydave5.wem</Name>
                        </File>
                        <File>
                            <Name>crazydave6.wem</Name>
                        </File>
                        <File>
                            <Name>crazydave7.wem</Name>
                        </File>
                        <File>
                            <Name>crazydave8.wem</Name>
                        </File>
                        <File>
                            <Name>crazydave9.wem</Name>
                        </File>
                    </FilesList>
                </Path>
            </Container>
        </ExternalEvent>
        <ExternalEvent>
            <Name>Play_VO_Detection_Enemy</Name>
            <Container>
                <Name>Voice</Name>
                <ExternalId>VVO_Detection_Enemy</ExternalId>
                <Path>
                    <StateList>
                        <State>
                            <Name>VO_Spotting</Name>
                            <Value>VO_Spotting_AirCarrier</Value>
                        </State>
                    </StateList>
                    <FilesList>
                        <File>
                            <Name>Silence.wem</Name>
                        </File>
                    </FilesList>
                </Path>
                <Path>
                    <StateList>
                        <State>
                            <Name>VO_Spotting</Name>
                            <Value>VO_Spotting_Battleship</Value>
                        </State>
                    </StateList>
                    <FilesList>
                        <File>
                            <Name>Silence.wem</Name>
                        </File>
                    </FilesList>
                </Path>
                <Path>
                    <StateList>
                        <State>
                            <Name>VO_Spotting</Name>
                            <Value>VO_Spotting_Cruiser</Value>
                        </State>
                    </StateList>
                    <FilesList>
                        <File>
                            <Name>Silence.wem</Name>
                        </File>
                    </FilesList>
                </Path>
                <Path>
                    <StateList>
                        <State>
                            <Name>VO_Spotting</Name>
                            <Value>VO_Spotting_Destroyer</Value>
                        </State>
                    </StateList>
                    <FilesList>
                        <File>
                            <Name>Silence.wem</Name>
                        </File>
                    </FilesList>
                </Path>
                <Path>
                    <StateList>
                        <State>
                            <Name>VO_Spotting</Name>
                            <Value>VO_Spotting_Multi</Value>
                        </State>
                    </StateList>
                    <FilesList>
                        <File>
                            <Name>squash_hmm.wem</Name>
                        </File>
                        <File>
                            <Name>squash_hmm2.wem</Name>
                        </File>
                    </FilesList>
                </Path>
            </Container>
        </ExternalEvent>
        <ExternalEvent>
            <Name>Play_VO_Domination_Status</Name>
            <Container>
                <Name>Voice</Name>
                <ExternalId>VVO_Domination_Status</ExternalId>
                <Path>
                    <StateList>
                        <State>
                            <Name>VO_Domination</Name>
                            <Value>VO_Domination_Advantage_Enemy</Value>
                        </State>
                    </StateList>
                    <FilesList>
                        <File>
                            <Name>jackinthebox.wem</Name>
                        </File>
                    </FilesList>
                </Path>
                <Path>
                    <StateList>
                        <State>
                            <Name>VO_Domination</Name>
                            <Value>VO_Domination_Advantage_Ally</Value>
                        </State>
                    </StateList>
                    <FilesList>
                        <File>
                            <Name>imp.wem</Name>
                        </File>
                        <File>
                            <Name>imp2.wem</Name>
                        </File>
                    </FilesList>
                </Path>
                <Path>
                    <StateList>
                        <State>
                            <Name>VO_Domination</Name>
                            <Value>VO_Domination_Close_Win_Enemy</Value>
                        </State>
                    </StateList>
                    <FilesList>
                        <File>
                            <Name>losemusic.wem</Name>
                        </File>
                    </FilesList>
                </Path>
                <Path>
                    <StateList>
                        <State>
                            <Name>VO_Domination</Name>
                            <Value>VO_Domination_Close_Win_Ally</Value>
                        </State>
                    </StateList>
                    <FilesList>
                        <File>
                            <Name>winmusic.wem</Name>
                        </File>
                    </FilesList>
                </Path>
            </Container>
        </ExternalEvent>
        <ExternalEvent>
            <Name>Play_VO_DoubleKill</Name>
            <Container>
                <Name>Voice</Name>
                <ExternalId>VVO_DoubleKill</ExternalId>
                <Path>
                    <StateList />
                    <FilesList>
                        <File>
                            <Name>polevault.wem</Name>
                        </File>
                    </FilesList>
                </Path>
            </Container>
        </ExternalEvent>
        <ExternalEvent>
            <Name>Play_VO_Fire_Alarm</Name>
            <Container>
                <Name>Voice</Name>
                <ExternalId>VVO_Fire_Alarm</ExternalId>
                <Path>
                    <StateList>
                        <State>
                            <Name>isPlayer</Name>
                            <Value>True</Value>
                        </State>
                    </StateList>
                    <FilesList>
                        <File>
                            <Name>crazydave1.wem</Name>
                        </File>
                        <File>
                            <Name>crazydave2.wem</Name>
                        </File>
                        <File>
                            <Name>crazydave3.wem</Name>
                        </File>
                        <File>
                            <Name>crazydave4.wem</Name>
                        </File>
                        <File>
                            <Name>crazydave5.wem</Name>
                        </File>
                        <File>
                            <Name>crazydave6.wem</Name>
                        </File>
                        <File>
                            <Name>crazydave7.wem</Name>
                        </File>
                        <File>
                            <Name>crazydave8.wem</Name>
                        </File>
                        <File>
                            <Name>crazydave9.wem</Name>
                        </File>
                    </FilesList>
                </Path>
            </Container>
        </ExternalEvent>
        <ExternalEvent>
            <Name>Play_VO_Ship_Avatar_Flooding</Name>
            <Container>
                <Name>Voice</Name>
                <ExternalId>VVO_Ship_Avatar_Flooding</ExternalId>
                <Path>
                    <StateList>
                        <State>
                            <Name>VO_Damage</Name>
                            <Value>VO_Damage_Critical_Flooding</Value>
                        </State>
                    </StateList>
                    <FilesList>
                        <File>
                            <Name>zobiesplash.wem</Name>
                        </File>
                        <File>
                            <Name>fume.wem</Name>
                        </File>
                    </FilesList>
                </Path>
            </Container>
        </ExternalEvent>
        <ExternalEvent>
            <Name>Play_VO_FirstKill</Name>
            <Container>
                <Name>Voice</Name>
                <ExternalId>VVO_FirstKill</ExternalId>
                <Path>
                    <StateList />
                    <FilesList>
                        <File>
                            <Name>prize.wem</Name>
                        </File>
                    </FilesList>
                </Path>
            </Container>
        </ExternalEvent>
        <ExternalEvent>
            <Name>Play_VO_Frags</Name>
            <Container>
                <Name>Voice</Name>
                <ExternalId>VVO_Frags</ExternalId>
                <Path>
                    <StateList>
                        <State>
                            <Name>isPlayer</Name>
                            <Value>False</Value>
                        </State>
                        <State>
                            <Name>Damage_Frag_Type</Name>
                            <Value>Damage_Frag_Destroyer</Value>
                        </State>
                    </StateList>
                    <FilesList>
                        <File>
                            <Name>01brains.wem</Name>
                        </File>
                        <File>
                            <Name>02brains.wem</Name>
                        </File>
                        <File>
                            <Name>03brains.wem</Name>
                        </File>
                        <File>
                            <Name>04brains.wem</Name>
                        </File>
                        <File>
                            <Name>05brains.wem</Name>
                        </File>
                        <File>
                            <Name>06brains.wem</Name>
                        </File>
                        <File>
                            <Name>07brains.wem</Name>
                        </File>
                        <File>
                            <Name>08brains.wem</Name>
                        </File>
                        <File>
                            <Name>09brains.wem</Name>
                        </File>
                        <File>
                            <Name>0abrains.wem</Name>
                        </File>
                        <File>
                            <Name>0bbrains.wem</Name>
                        </File>
                        <File>
                            <Name>0cbrains.wem</Name>
                        </File>
                    </FilesList>
                </Path>
                <Path>
                    <StateList>
                        <State>
                            <Name>isPlayer</Name>
                            <Value>False</Value>
                        </State>
                        <State>
                            <Name>Damage_Frag_Type</Name>
                            <Value>Damage_Frag_Cruiser</Value>
                        </State>
                    </StateList>
                    <FilesList>
                        <File>
                            <Name>01brains.wem</Name>
                        </File>
                        <File>
                            <Name>02brains.wem</Name>
                        </File>
                        <File>
                            <Name>03brains.wem</Name>
                        </File>
                        <File>
                            <Name>04brains.wem</Name>
                        </File>
                        <File>
                            <Name>05brains.wem</Name>
                        </File>
                        <File>
                            <Name>06brains.wem</Name>
                        </File>
                        <File>
                            <Name>07brains.wem</Name>
                        </File>
                        <File>
                            <Name>08brains.wem</Name>
                        </File>
                        <File>
                            <Name>09brains.wem</Name>
                        </File>
                        <File>
                            <Name>0abrains.wem</Name>
                        </File>
                        <File>
                            <Name>0bbrains.wem</Name>
                        </File>
                        <File>
                            <Name>0cbrains.wem</Name>
                        </File>
                    </FilesList>
                </Path>
                <Path>
                    <StateList>
                        <State>
                            <Name>isPlayer</Name>
                            <Value>False</Value>
                        </State>
                        <State>
                            <Name>Damage_Frag_Type</Name>
                            <Value>Damage_Frag_AirCarrier</Value>
                        </State>
                    </StateList>
                    <FilesList>
                        <File>
                            <Name>01brains.wem</Name>
                        </File>
                        <File>
                            <Name>02brains.wem</Name>
                        </File>
                        <File>
                            <Name>03brains.wem</Name>
                        </File>
                        <File>
                            <Name>04brains.wem</Name>
                        </File>
                        <File>
                            <Name>05brains.wem</Name>
                        </File>
                        <File>
                            <Name>06brains.wem</Name>
                        </File>
                        <File>
                            <Name>07brains.wem</Name>
                        </File>
                        <File>
                            <Name>08brains.wem</Name>
                        </File>
                        <File>
                            <Name>09brains.wem</Name>
                        </File>
                        <File>
                            <Name>0abrains.wem</Name>
                        </File>
                        <File>
                            <Name>0bbrains.wem</Name>
                        </File>
                        <File>
                            <Name>0cbrains.wem</Name>
                        </File>
                    </FilesList>
                </Path>
                <Path>
                    <StateList>
                        <State>
                            <Name>isPlayer</Name>
                            <Value>False</Value>
                        </State>
                        <State>
                            <Name>Damage_Frag_Type</Name>
                            <Value>Damage_Frag_Battleship</Value>
                        </State>
                    </StateList>
                    <FilesList>
                        <File>
                            <Name>01brains.wem</Name>
                        </File>
                        <File>
                            <Name>02brains.wem</Name>
                        </File>
                        <File>
                            <Name>03brains.wem</Name>
                        </File>
                        <File>
                            <Name>04brains.wem</Name>
                        </File>
                        <File>
                            <Name>05brains.wem</Name>
                        </File>
                        <File>
                            <Name>06brains.wem</Name>
                        </File>
                        <File>
                            <Name>07brains.wem</Name>
                        </File>
                        <File>
                            <Name>08brains.wem</Name>
                        </File>
                        <File>
                            <Name>09brains.wem</Name>
                        </File>
                        <File>
                            <Name>0abrains.wem</Name>
                        </File>
                        <File>
                            <Name>0bbrains.wem</Name>
                        </File>
                        <File>
                            <Name>0cbrains.wem</Name>
                        </File>
                    </FilesList>
                </Path>
                <Path>
                    <StateList>
                        <State>
                            <Name>isPlayer</Name>
                            <Value>True</Value>
                        </State>
                        <State>
                            <Name>Damage_Frag_Type</Name>
                            <Value>Damage_Frag_Destroyer</Value>
                        </State>
                    </StateList>
                    <FilesList>
                        <File>
                            <Name>Silence.wem</Name>
                        </File>
                    </FilesList>
                </Path>
                <Path>
                    <StateList>
                        <State>
                            <Name>isPlayer</Name>
                            <Value>True</Value>
                        </State>
                        <State>
                            <Name>Damage_Frag_Type</Name>
                            <Value>Damage_Frag_Cruiser</Value>
                        </State>
                    </StateList>
                    <FilesList>
                        <File>
                            <Name>Silence.wem</Name>
                        </File>
                    </FilesList>
                </Path>
                <Path>
                    <StateList>
                        <State>
                            <Name>isPlayer</Name>
                            <Value>True</Value>
                        </State>
                        <State>
                            <Name>Damage_Frag_Type</Name>
                            <Value>Damage_Frag_AirCarrier</Value>
                        </State>
                    </StateList>
                    <FilesList>
                        <File>
                            <Name>Silence.wem</Name>
                        </File>
                    </FilesList>
                </Path>
                <Path>
                    <StateList>
                        <State>
                            <Name>isPlayer</Name>
                            <Value>True</Value>
                        </State>
                        <State>
                            <Name>Damage_Frag_Type</Name>
                            <Value>Damage_Frag_Battleship</Value>
                        </State>
                    </StateList>
                    <FilesList>
                        <File>
                            <Name>Silence.wem</Name>
                        </File>
                    </FilesList>
                </Path>
            </Container>
        </ExternalEvent>
        <ExternalEvent>
            <Name>Play_VO_Friendly_Hit</Name>
            <Container>
                <Name>Voice</Name>
                <ExternalId>VVO_Friendly_Hit</ExternalId>
                <Path>
                    <StateList />
                    <FilesList>
                        <File>
                            <Name>crazydave1.wem</Name>
                        </File>
                        <File>
                            <Name>crazydave2.wem</Name>
                        </File>
                        <File>
                            <Name>crazydave3.wem</Name>
                        </File>
                        <File>
                            <Name>crazydave4.wem</Name>
                        </File>
                        <File>
                            <Name>crazydave5.wem</Name>
                        </File>
                        <File>
                            <Name>crazydave6.wem</Name>
                        </File>
                        <File>
                            <Name>crazydave7.wem</Name>
                        </File>
                        <File>
                            <Name>crazydave8.wem</Name>
                        </File>
                        <File>
                            <Name>crazydave9.wem</Name>
                        </File>
                    </FilesList>
                </Path>
            </Container>
        </ExternalEvent>
        <ExternalEvent>
            <Name>Play_VO_Hit_Feedback_Good_Hit</Name>
            <Container>
                <Name>Voice</Name>
                <ExternalId>VVO_Hit_Feedback_Good_Hit</ExternalId>
                <Path>
                    <StateList />
                    <FilesList>
                        <File>
                            <Name>crazydaveE1.wem</Name>
                        </File>
                        <File>
                            <Name>crazydaveE2.wem</Name>
                        </File>
                        <File>
                            <Name>crazydaveE3.wem</Name>
                        </File>
                    </FilesList>
                </Path>
            </Container>
        </ExternalEvent>
        <ExternalEvent>
            <Name>Play_VO_Last_Hope</Name>
            <Container>
                <Name>Voice</Name>
                <ExternalId>VVO_Last_Hope</ExternalId>
                <Path>
                    <StateList />
                    <FilesList>
                        <File>
                            <Name>finalwave.wem</Name>
                        </File>
                    </FilesList>
                </Path>
            </Container>
        </ExternalEvent>
        <ExternalEvent>
            <Name>Play_VO_Quick_Commands</Name>
            <Container>
                <Name>Voice</Name>
                <ExternalId>VVO_Quick_Commands</ExternalId>
                <Path>
                    <StateList>
                        <State>
                            <Name>VO_Quick_Commands</Name>
                            <Value>CMD_QUICK_THANK_YOU_ALLY_SHIP</Value>
                        </State>
                    </StateList>
                    <FilesList>
                        <File>
                            <Name>crazydave1.wem</Name>
                        </File>
                        <File>
                            <Name>crazydave2.wem</Name>
                        </File>
                        <File>
                            <Name>crazydave3.wem</Name>
                        </File>
                        <File>
                            <Name>crazydave4.wem</Name>
                        </File>
                        <File>
                            <Name>crazydave5.wem</Name>
                        </File>
                        <File>
                            <Name>crazydave6.wem</Name>
                        </File>
                        <File>
                            <Name>crazydave7.wem</Name>
                        </File>
                        <File>
                            <Name>crazydave8.wem</Name>
                        </File>
                        <File>
                            <Name>crazydave9.wem</Name>
                        </File>
                    </FilesList>
                </Path>
                <Path>
                    <StateList>
                        <State>
                            <Name>VO_Quick_Commands</Name>
                            <Value>CMD_QUICK_TACTIC_ENEMY_PLANE</Value>
                        </State>
                    </StateList>
                    <FilesList>
                        <File>
                            <Name>crazydave1.wem</Name>
                        </File>
                        <File>
                            <Name>crazydave2.wem</Name>
                        </File>
                        <File>
                            <Name>crazydave3.wem</Name>
                        </File>
                        <File>
                            <Name>crazydave4.wem</Name>
                        </File>
                        <File>
                            <Name>crazydave5.wem</Name>
                        </File>
                        <File>
                            <Name>crazydave6.wem</Name>
                        </File>
                        <File>
                            <Name>crazydave7.wem</Name>
                        </File>
                        <File>
                            <Name>crazydave8.wem</Name>
                        </File>
                        <File>
                            <Name>crazydave9.wem</Name>
                        </File>
                    </FilesList>
                </Path>
                <Path>
                    <StateList>
                        <State>
                            <Name>VO_Quick_Commands</Name>
                            <Value>CMD_QUICK_TACTIC_ALLY_PLANE</Value>
                        </State>
                    </StateList>
                    <FilesList>
                        <File>
                            <Name>crazydave1.wem</Name>
                        </File>
                        <File>
                            <Name>crazydave2.wem</Name>
                        </File>
                        <File>
                            <Name>crazydave3.wem</Name>
                        </File>
                        <File>
                            <Name>crazydave4.wem</Name>
                        </File>
                        <File>
                            <Name>crazydave5.wem</Name>
                        </File>
                        <File>
                            <Name>crazydave6.wem</Name>
                        </File>
                        <File>
                            <Name>crazydave7.wem</Name>
                        </File>
                        <File>
                            <Name>crazydave8.wem</Name>
                        </File>
                        <File>
                            <Name>crazydave9.wem</Name>
                        </File>
                    </FilesList>
                </Path>
                <Path>
                    <StateList>
                        <State>
                            <Name>VO_Quick_Commands</Name>
                            <Value>CMD_QUICK_NEED_SUPPORT_ALLY_SHIP</Value>
                        </State>
                    </StateList>
                    <FilesList>
                        <File>
                            <Name>crazydaveE1.wem</Name>
                        </File>
                        <File>
                            <Name>crazydaveE2.wem</Name>
                        </File>
                        <File>
                            <Name>crazydaveE3.wem</Name>
                        </File>
                    </FilesList>
                </Path>
                <Path>
                    <StateList>
                        <State>
                            <Name>VO_Quick_Commands</Name>
                            <Value>CMD_QUICK_NEED_SUPPORT_ALLY_PLANE</Value>
                        </State>
                    </StateList>
                    <FilesList>
                        <File>
                            <Name>crazydaveE1.wem</Name>
                        </File>
                        <File>
                            <Name>crazydaveE2.wem</Name>
                        </File>
                        <File>
                            <Name>crazydaveE3.wem</Name>
                        </File>
                    </FilesList>
                </Path>
                <Path>
                    <StateList>
                        <State>
                            <Name>VO_Quick_Commands</Name>
                            <Value>CMD_QUICK_GOOD_GAME_ALLY_SHIP</Value>
                        </State>
                    </StateList>
                    <FilesList>
                        <File>
                            <Name>crazydave1.wem</Name>
                        </File>
                        <File>
                            <Name>crazydave2.wem</Name>
                        </File>
                        <File>
                            <Name>crazydave3.wem</Name>
                        </File>
                        <File>
                            <Name>crazydave4.wem</Name>
                        </File>
                        <File>
                            <Name>crazydave5.wem</Name>
                        </File>
                        <File>
                            <Name>crazydave6.wem</Name>
                        </File>
                        <File>
                            <Name>crazydave7.wem</Name>
                        </File>
                        <File>
                            <Name>crazydave8.wem</Name>
                        </File>
                        <File>
                            <Name>crazydave9.wem</Name>
                        </File>
                    </FilesList>
                </Path>
                <Path>
                    <StateList>
                        <State>
                            <Name>VO_Quick_Commands</Name>
                            <Value>CMD_QUICK_BACK_ALLY_SHIP</Value>
                        </State>
                    </StateList>
                    <FilesList>
                        <File>
                            <Name>crazydaveE1.wem</Name>
                        </File>
                        <File>
                            <Name>crazydaveE2.wem</Name>
                        </File>
                        <File>
                            <Name>crazydaveE3.wem</Name>
                        </File>
                    </FilesList>
                </Path>
                <Path>
                    <StateList>
                        <State>
                            <Name>VO_Quick_Commands</Name>
                            <Value>CMD_QUICK_NEED_SMOKE</Value>
                        </State>
                    </StateList>
                    <FilesList>
                        <File>
                            <Name>Silence.wem</Name>
                        </File>
                    </FilesList>
                </Path>
                <Path>
                    <StateList>
                        <State>
                            <Name>VO_Quick_Commands</Name>
                            <Value>CMD_QUICK_NEED_VISION</Value>
                        </State>
                    </StateList>
                    <FilesList>
                        <File>
                            <Name>crazydaveE1.wem</Name>
                        </File>
                        <File>
                            <Name>crazydaveE2.wem</Name>
                        </File>
                        <File>
                            <Name>crazydaveE3.wem</Name>
                        </File>
                    </FilesList>
                </Path>
                <Path>
                    <StateList>
                        <State>
                            <Name>VO_Quick_Commands</Name>
                            <Value>CMD_QUICK_BACK</Value>
                        </State>
                    </StateList>
                    <FilesList>
                        <File>
                            <Name>crazydaveE1.wem</Name>
                        </File>
                        <File>
                            <Name>crazydaveE2.wem</Name>
                        </File>
                        <File>
                            <Name>crazydaveE3.wem</Name>
                        </File>
                    </FilesList>
                </Path>
                <Path>
                    <StateList>
                        <State>
                            <Name>VO_Quick_Commands</Name>
                            <Value>CMD_QUICK_NEED_AIR_DEFENCE</Value>
                        </State>
                    </StateList>
                    <FilesList>
                        <File>
                            <Name>crazydave1.wem</Name>
                        </File>
                        <File>
                            <Name>crazydave2.wem</Name>
                        </File>
                        <File>
                            <Name>crazydave3.wem</Name>
                        </File>
                        <File>
                            <Name>crazydave4.wem</Name>
                        </File>
                        <File>
                            <Name>crazydave5.wem</Name>
                        </File>
                        <File>
                            <Name>crazydave6.wem</Name>
                        </File>
                        <File>
                            <Name>crazydave7.wem</Name>
                        </File>
                        <File>
                            <Name>crazydave8.wem</Name>
                        </File>
                        <File>
                            <Name>crazydave9.wem</Name>
                        </File>
                    </FilesList>
                </Path>
                <Path>
                    <StateList>
                        <State>
                            <Name>VO_Quick_Commands</Name>
                            <Value>CMD_QUICK_TACTIC_ENEMY_SHIP</Value>
                        </State>
                    </StateList>
                    <FilesList>
                        <File>
                            <Name>crazydave1.wem</Name>
                        </File>
                        <File>
                            <Name>crazydave2.wem</Name>
                        </File>
                        <File>
                            <Name>crazydave3.wem</Name>
                        </File>
                        <File>
                            <Name>crazydave4.wem</Name>
                        </File>
                        <File>
                            <Name>crazydave5.wem</Name>
                        </File>
                        <File>
                            <Name>crazydave6.wem</Name>
                        </File>
                        <File>
                            <Name>crazydave7.wem</Name>
                        </File>
                        <File>
                            <Name>crazydave8.wem</Name>
                        </File>
                        <File>
                            <Name>crazydave9.wem</Name>
                        </File>
                    </FilesList>
                </Path>
                <Path>
                    <StateList>
                        <State>
                            <Name>VO_Quick_Commands</Name>
                            <Value>CMD_QUICK_TACTIC_ENEMY_POINT</Value>
                        </State>
                    </StateList>
                    <FilesList>
                        <File>
                            <Name>crazydave1.wem</Name>
                        </File>
                        <File>
                            <Name>crazydave2.wem</Name>
                        </File>
                        <File>
                            <Name>crazydave3.wem</Name>
                        </File>
                        <File>
                            <Name>crazydave4.wem</Name>
                        </File>
                        <File>
                            <Name>crazydave5.wem</Name>
                        </File>
                        <File>
                            <Name>crazydave6.wem</Name>
                        </File>
                        <File>
                            <Name>crazydave7.wem</Name>
                        </File>
                        <File>
                            <Name>crazydave8.wem</Name>
                        </File>
                        <File>
                            <Name>crazydave9.wem</Name>
                        </File>
                    </FilesList>
                </Path>
                <Path>
                    <StateList>
                        <State>
                            <Name>VO_Quick_Commands</Name>
                            <Value>CMD_QUICK_TACTIC_ENEMY_BASE</Value>
                        </State>
                    </StateList>
                    <FilesList>
                        <File>
                            <Name>crazydave1.wem</Name>
                        </File>
                        <File>
                            <Name>crazydave2.wem</Name>
                        </File>
                        <File>
                            <Name>crazydave3.wem</Name>
                        </File>
                        <File>
                            <Name>crazydave4.wem</Name>
                        </File>
                        <File>
                            <Name>crazydave5.wem</Name>
                        </File>
                        <File>
                            <Name>crazydave6.wem</Name>
                        </File>
                        <File>
                            <Name>crazydave7.wem</Name>
                        </File>
                        <File>
                            <Name>crazydave8.wem</Name>
                        </File>
                        <File>
                            <Name>crazydave9.wem</Name>
                        </File>
                    </FilesList>
                </Path>
                <Path>
                    <StateList>
                        <State>
                            <Name>VO_Quick_Commands</Name>
                            <Value>CMD_QUICK_TACTIC_ALLY_SHIP</Value>
                        </State>
                    </StateList>
                    <FilesList>
                        <File>
                            <Name>crazydave1.wem</Name>
                        </File>
                        <File>
                            <Name>crazydave2.wem</Name>
                        </File>
                        <File>
                            <Name>crazydave3.wem</Name>
                        </File>
                        <File>
                            <Name>crazydave4.wem</Name>
                        </File>
                        <File>
                            <Name>crazydave5.wem</Name>
                        </File>
                        <File>
                            <Name>crazydave6.wem</Name>
                        </File>
                        <File>
                            <Name>crazydave7.wem</Name>
                        </File>
                        <File>
                            <Name>crazydave8.wem</Name>
                        </File>
                        <File>
                            <Name>crazydave9.wem</Name>
                        </File>
                    </FilesList>
                </Path>
                <Path>
                    <StateList>
                        <State>
                            <Name>VO_Quick_Commands</Name>
                            <Value>CMD_QUICK_TACTIC_ALLY_POINT</Value>
                        </State>
                    </StateList>
                    <FilesList>
                        <File>
                            <Name>crazydave1.wem</Name>
                        </File>
                        <File>
                            <Name>crazydave2.wem</Name>
                        </File>
                        <File>
                            <Name>crazydave3.wem</Name>
                        </File>
                        <File>
                            <Name>crazydave4.wem</Name>
                        </File>
                        <File>
                            <Name>crazydave5.wem</Name>
                        </File>
                        <File>
                            <Name>crazydave6.wem</Name>
                        </File>
                        <File>
                            <Name>crazydave7.wem</Name>
                        </File>
                        <File>
                            <Name>crazydave8.wem</Name>
                        </File>
                        <File>
                            <Name>crazydave9.wem</Name>
                        </File>
                    </FilesList>
                </Path>
                <Path>
                    <StateList>
                        <State>
                            <Name>VO_Quick_Commands</Name>
                            <Value>CMD_QUICK_TACTIC_ALLY_BASE</Value>
                        </State>
                    </StateList>
                    <FilesList>
                        <File>
                            <Name>crazydave1.wem</Name>
                        </File>
                        <File>
                            <Name>crazydave2.wem</Name>
                        </File>
                        <File>
                            <Name>crazydave3.wem</Name>
                        </File>
                        <File>
                            <Name>crazydave4.wem</Name>
                        </File>
                        <File>
                            <Name>crazydave5.wem</Name>
                        </File>
                        <File>
                            <Name>crazydave6.wem</Name>
                        </File>
                        <File>
                            <Name>crazydave7.wem</Name>
                        </File>
                        <File>
                            <Name>crazydave8.wem</Name>
                        </File>
                        <File>
                            <Name>crazydave9.wem</Name>
                        </File>
                    </FilesList>
                </Path>
                <Path>
                    <StateList>
                        <State>
                            <Name>VO_Quick_Commands</Name>
                            <Value>CMD_QUICK_THANK_YOU</Value>
                        </State>
                    </StateList>
                    <FilesList>
                        <File>
                            <Name>crazydave1.wem</Name>
                        </File>
                        <File>
                            <Name>crazydave2.wem</Name>
                        </File>
                        <File>
                            <Name>crazydave3.wem</Name>
                        </File>
                        <File>
                            <Name>crazydave4.wem</Name>
                        </File>
                        <File>
                            <Name>crazydave5.wem</Name>
                        </File>
                        <File>
                            <Name>crazydave6.wem</Name>
                        </File>
                        <File>
                            <Name>crazydave7.wem</Name>
                        </File>
                        <File>
                            <Name>crazydave8.wem</Name>
                        </File>
                        <File>
                            <Name>crazydave9.wem</Name>
                        </File>
                    </FilesList>
                </Path>
                <Path>
                    <StateList>
                        <State>
                            <Name>VO_Quick_Commands</Name>
                            <Value>CMD_QUICK_NO_WAY</Value>
                        </State>
                    </StateList>
                    <FilesList>
                        <File>
                            <Name>crazydaveE1.wem</Name>
                        </File>
                        <File>
                            <Name>crazydaveE2.wem</Name>
                        </File>
                        <File>
                            <Name>crazydaveE3.wem</Name>
                        </File>
                    </FilesList>
                </Path>
                <Path>
                    <StateList>
                        <State>
                            <Name>VO_Quick_Commands</Name>
                            <Value>CMD_QUICK_AYE_AYE</Value>
                        </State>
                    </StateList>
                    <FilesList>
                        <File>
                            <Name>crazydave1.wem</Name>
                        </File>
                        <File>
                            <Name>crazydave2.wem</Name>
                        </File>
                        <File>
                            <Name>crazydave3.wem</Name>
                        </File>
                        <File>
                            <Name>crazydave4.wem</Name>
                        </File>
                        <File>
                            <Name>crazydave5.wem</Name>
                        </File>
                        <File>
                            <Name>crazydave6.wem</Name>
                        </File>
                        <File>
                            <Name>crazydave7.wem</Name>
                        </File>
                        <File>
                            <Name>crazydave8.wem</Name>
                        </File>
                        <File>
                            <Name>crazydave9.wem</Name>
                        </File>
                    </FilesList>
                </Path>
                <Path>
                    <StateList>
                        <State>
                            <Name>VO_Quick_Commands</Name>
                            <Value>CMD_QUICK_CARAMBA</Value>
                        </State>
                    </StateList>
                    <FilesList>
                        <File>
                            <Name>crazydaveE1.wem</Name>
                        </File>
                        <File>
                            <Name>crazydaveE2.wem</Name>
                        </File>
                        <File>
                            <Name>crazydaveE3.wem</Name>
                        </File>
                    </FilesList>
                </Path>
                <Path>
                    <StateList>
                        <State>
                            <Name>VO_Quick_Commands</Name>
                            <Value>CMD_QUICK_GOOD_LUCK</Value>
                        </State>
                    </StateList>
                    <FilesList>
                        <File>
                            <Name>crazydave1.wem</Name>
                        </File>
                        <File>
                            <Name>crazydave2.wem</Name>
                        </File>
                        <File>
                            <Name>crazydave3.wem</Name>
                        </File>
                        <File>
                            <Name>crazydave4.wem</Name>
                        </File>
                        <File>
                            <Name>crazydave5.wem</Name>
                        </File>
                        <File>
                            <Name>crazydave6.wem</Name>
                        </File>
                        <File>
                            <Name>crazydave7.wem</Name>
                        </File>
                        <File>
                            <Name>crazydave8.wem</Name>
                        </File>
                        <File>
                            <Name>crazydave9.wem</Name>
                        </File>
                    </FilesList>
                </Path>
                <Path>
                    <StateList>
                        <State>
                            <Name>VO_Quick_Commands</Name>
                            <Value>CMD_QUICK_GOOD_GAME</Value>
                        </State>
                    </StateList>
                    <FilesList>
                        <File>
                            <Name>crazydave1.wem</Name>
                        </File>
                        <File>
                            <Name>crazydave2.wem</Name>
                        </File>
                        <File>
                            <Name>crazydave3.wem</Name>
                        </File>
                        <File>
                            <Name>crazydave4.wem</Name>
                        </File>
                        <File>
                            <Name>crazydave5.wem</Name>
                        </File>
                        <File>
                            <Name>crazydave6.wem</Name>
                        </File>
                        <File>
                            <Name>crazydave7.wem</Name>
                        </File>
                        <File>
                            <Name>crazydave8.wem</Name>
                        </File>
                        <File>
                            <Name>crazydave9.wem</Name>
                        </File>
                    </FilesList>
                </Path>
                <Path>
                    <StateList>
                        <State>
                            <Name>VO_Quick_Commands</Name>
                            <Value>CMD_QUICK_SOS</Value>
                        </State>
                    </StateList>
                    <FilesList>
                        <File>
                            <Name>crazydaveE1.wem</Name>
                        </File>
                        <File>
                            <Name>crazydaveE2.wem</Name>
                        </File>
                        <File>
                            <Name>crazydaveE3.wem</Name>
                        </File>
                    </FilesList>
                </Path>
                <Path>
                    <StateList>
                        <State>
                            <Name>VO_Quick_Commands</Name>
                            <Value>CMD_QUICK_NEED_SUPPORT</Value>
                        </State>
                    </StateList>
                    <FilesList>
                        <File>
                            <Name>crazydaveE1.wem</Name>
                        </File>
                        <File>
                            <Name>crazydaveE2.wem</Name>
                        </File>
                        <File>
                            <Name>crazydaveE3.wem</Name>
                        </File>
                    </FilesList>
                </Path>
            </Container>
        </ExternalEvent>
    </AudioModification>
</AudioModification.xml>